1;Diallo;Mamadou;mamadou.diallo@gmail.com;+224 621 001 001;Kipé, Ratoma;Conakry;Guinée
2;Nom_GVRLSPQ;Prenom_FCQXKHSSI;dsffqq_1@client.com;+224 62964519;112 Rue de la Paix;Labe;Guinee
3;Nom_JLMJ;Prenom_ACHJ;cmtbtr_2@client.com;+224 61169445;80 Rue de la Paix;Kindia;Guinee
4;Nom_LJWVA;Prenom_CYYVJYUEC;aegfyh_3@client.com;+224 65172057;155 Rue de la Paix;Labe;Guinee
5;Nom_BVVPDYCR;Prenom_JHFOL;iakbco_4@client.com;+224 62220522;94 Rue de la Paix;Kindia;Guinee
6;Nom_YQKX;Prenom_UFLRRPAB;aqftfa_5@client.com;+224 67008833;110 Rue de la Paix;Kankan;Guinee
7;Nom_QHAV;Prenom_GKAALFNW;thdcaw_6@client.com;+224 62277794;116 Rue de la Paix;Labe;Guinee
8;Nom_GDHCGUUBX;Prenom_QFRZ;ffmdwd_7@client.com;+224 68732567;159 Rue de la Paix;Kankan;Guinee
9;Nom_ITCFHAGK;Prenom_OCBNAMXG;clevym_8@client.com;+224 65867954;46 Rue de la Paix;Kindia;Guinee
10;Nom_CJT;Prenom_OWJINUB;mquthe_9@client.com;+224 60044729;134 Rue de la Paix;Conakry;Guinee
11;Nom_FHISTUIO;Prenom_DIRUZYQ;ykphcy_10@client.com;+224 65533851;10 Rue de la Paix;Kindia;Guinee
12;Nom_JVQPILE;Prenom_UDNBC;nnqeoa_11@client.com;+224 64217036;56 Rue de la Paix;N'Zerekore;Guinee
13;Nom_WLCP;Prenom_UBZROJJ;qzvldu_12@client.com;+224 63054148;2 Rue de la Paix;Conakry;Guinee
14;Nom_LBUW;Prenom_JVU;zouyfg_13@client.com;+224 60850668;98 Rue de la Paix;Conakry;Guinee
15;Nom_JNXRCJYUZ;Prenom_AMLEFQHFZ;moaomm_14@client.com;+224 66045128;119 Rue de la Paix;N'Zerekore;Guinee
16;Nom_ALMHFS;Prenom_OKVT;sdvhyf_15@client.com;+224 62195304;23 Rue de la Paix;Conakry;Guinee
17;Nom_TQNT;Prenom_VCMLPK;kghbtq_16@client.com;+224 69875062;113 Rue de la Paix;Conakry;Guinee
18;Nom_AJUUN;Prenom_UPQU;ijatxi_17@client.com;+224 64023902;135 Rue de la Paix;Conakry;Guinee
19;Nom_YUCBTWMG;Prenom_GQDNAN;dtnblx_18@client.com;+224 68154401;160 Rue de la Paix;Labe;Guinee
20;Nom_HPR;Prenom_WKXJELUG;hbamks_19@client.com;+224 61299756;160 Rue de la Paix;Kindia;Guinee
21;Nom_TGYTIM;Prenom_JBCRSMTXE;wlcxth_20@client.com;+224 65483713;36 Rue de la Paix;Kankan;Guinee
22;Nom_TPSRIIKGI;Prenom_FUTZLWEHZ;efxynq_21@client.com;+224 68834087;20 Rue de la Paix;Kankan;Guinee
23;Nom_ZFSIADG;Prenom_MJASSNQ;eihget_22@client.com;+224 64754736;154 Rue de la Paix;Conakry;Guinee
24;Nom_LJLU;Prenom_AIP;zrajbl_23@client.com;+224 64668733;159 Rue de la Paix;Kindia;Guinee
25;Nom_ZNVKFGUUQ;Prenom_EUDQCUV;ehzcis_24@client.com;+224 67202990;16 Rue de la Paix;Labe;Guinee
26;Nom_QDF;Prenom_EGHE;hkfecj_25@client.com;+224 62055235;161 Rue de la Paix;Labe;Guinee
27;Nom_BMVO;Prenom_LOCPP;bcxail_26@client.com;+224 69308175;191 Rue de la Paix;Kindia;Guinee
28;Nom_IBOWGXFKC;Prenom_IJEOQX;mffutf_27@client.com;+224 63779123;37 Rue de la Paix;Kankan;Guinee
29;Nom_WDDZGNW;Prenom_CHJBYLWXM;uesajf_28@client.com;+224 65599976;48 Rue de la Paix;N'Zerekore;Guinee
30;Nom_HBNS;Prenom_ZKWLY;zllrnp_29@client.com;+224 65936569;71 Rue de la Paix;Kankan;Guinee
31;Nom_ROY;Prenom_KOLECVHGH;bpkcrf_30@client.com;+224 64964973;177 Rue de la Paix;Labe;Guinee
32;Nom_IDITH;Prenom_TIGVQ;crpzxm_31@client.com;+224 68274314;137 Rue de la Paix;Conakry;Guinee
33;Nom_ZOVNJTCM;Prenom_RKVWSFUH;tlxlky_32@client.com;+224 69019555;6 Rue de la Paix;Labe;Guinee
34;Nom_XJJGXYDVM;Prenom_WUD;ksbsih_33@client.com;+224 64752651;183 Rue de la Paix;N'Zerekore;Guinee
35;Nom_JHCBQ;Prenom_ASK;tdijsu_34@client.com;+224 62265075;62 Rue de la Paix;Kindia;Guinee
36;Nom_ZYSLNP;Prenom_SKVTVGFL;kxxzvg_35@client.com;+224 62210059;39 Rue de la Paix;Kankan;Guinee
37;Nom_WFY;Prenom_QXHKQ;ewzbum_36@client.com;+224 64628933;152 Rue de la Paix;Kindia;Guinee
38;Nom_QFNFHSQMN;Prenom_UDUX;kxgrzv_37@client.com;+224 64402902;177 Rue de la Paix;N'Zerekore;Guinee
39;Nom_HGXJ;Prenom_VUWKSLL;ovkxur_38@client.com;+224 64082550;41 Rue de la Paix;Labe;Guinee
40;Nom_TFTTHX;Prenom_MEXLLOZ;nkjywf_39@client.com;+224 65512766;71 Rue de la Paix;N'Zerekore;Guinee
41;Nom_UBIKAZLK;Prenom_AZEGII;ztvdak_40@client.com;+224 60879498;43 Rue de la Paix;N'Zerekore;Guinee
42;Nom_RWYOGIOG;Prenom_DIW;cxqxkp_41@client.com;+224 68282511;60 Rue de la Paix;Kindia;Guinee
43;Nom_CUAFY;Prenom_YORTEI;pfuysc_42@client.com;+224 61196352;103 Rue de la Paix;Conakry;Guinee
44;Nom_FPRGT;Prenom_RYPWQSBX;aexfzg_43@client.com;+224 64802486;182 Rue de la Paix;Conakry;Guinee
45;Nom_WIZNDYSBZ;Prenom_BUBQJNLH;lggpjr_44@client.com;+224 61614665;141 Rue de la Paix;Kankan;Guinee
46;Nom_LFHBYRU;Prenom_UKZOQRNDN;jrinln_45@client.com;+224 67267583;100 Rue de la Paix;Labe;Guinee
47;Nom_ABIDOD;Prenom_DXLVRVAJB;czzjuz_46@client.com;+224 60457130;2 Rue de la Paix;N'Zerekore;Guinee
48;Nom_VIXQ;Prenom_CZZXLYKD;mcnfyo_47@client.com;+224 67544575;149 Rue de la Paix;Labe;Guinee
49;Nom_LWNMMO;Prenom_FELMUUF;xltdtk_48@client.com;+224 65087480;108 Rue de la Paix;Conakry;Guinee
50;Nom_EIISUK;Prenom_PSVJ;djtedj_49@client.com;+224 69064174;141 Rue de la Paix;Conakry;Guinee
51;Nom_JNGIS;Prenom_GHPZPFVEH;ywuxhw_50@client.com;+224 68995952;29 Rue de la Paix;Kindia;Guinee
52;Nom_OCA;Prenom_PWXSTN;aizcad_51@client.com;+224 62020270;186 Rue de la Paix;N'Zerekore;Guinee
53;Nom_KHPYBR;Prenom_PIIKCJJE;odehsd_52@client.com;+224 62383853;33 Rue de la Paix;Conakry;Guinee
54;Nom_YZZVZ;Prenom_HLPAP;uubyei_53@client.com;+224 67832835;19 Rue de la Paix;Kindia;Guinee
55;Nom_XCGH;Prenom_IEVSTGPYW;qexuxl_54@client.com;+224 67010796;27 Rue de la Paix;Conakry;Guinee
56;Nom_NHMB;Prenom_ALBGQGWI;zvdbsf_55@client.com;+224 69752584;94 Rue de la Paix;Labe;Guinee
57;Nom_ZSCTMFAMK;Prenom_TIRIQ;xzjnmg_56@client.com;+224 68522667;88 Rue de la Paix;Kankan;Guinee
58;Nom_MCLENDGFJ;Prenom_OBAX;lqjooq_57@client.com;+224 66120867;142 Rue de la Paix;Conakry;Guinee
59;Nom_FRGIVH;Prenom_FEERTDSPT;axsjoj_58@client.com;+224 66375108;152 Rue de la Paix;Conakry;Guinee
60;Nom_XMD;Prenom_KSURMJ;kfkolf_59@client.com;+224 68036910;32 Rue de la Paix;N'Zerekore;Guinee
61;Nom_KKL;Prenom_AEBU;fhreuz_60@client.com;+224 67604704;74 Rue de la Paix;Kindia;Guinee
62;Nom_WEDOXAIMC;Prenom_NEKBEO;gyqfgq_61@client.com;+224 60143292;92 Rue de la Paix;Kindia;Guinee
63;Nom_JEOIN;Prenom_JYSNB;sxouni_62@client.com;+224 64810917;163 Rue de la Paix;Kankan;Guinee
64;Nom_YCKFZZYK;Prenom_LNSMIVU;lmfsmt_63@client.com;+224 60566171;18 Rue de la Paix;Conakry;Guinee
65;Nom_YSBZWK;Prenom_SOEOGYZUL;laknrz_64@client.com;+224 62388166;151 Rue de la Paix;Conakry;Guinee
66;Nom_OLYZNJXBZ;Prenom_VPDBXAPT;ugxrsx_65@client.com;+224 62926620;148 Rue de la Paix;Conakry;Guinee
67;Nom_FZRQ;Prenom_UKLBL;fnbtpy_66@client.com;+224 65278661;68 Rue de la Paix;Conakry;Guinee
68;Nom_HMG;Prenom_LTWW;eagtio_67@client.com;+224 66748419;82 Rue de la Paix;Labe;Guinee
69;Nom_BEND;Prenom_RNJELA;sypfil_68@client.com;+224 66277741;147 Rue de la Paix;Labe;Guinee
70;Nom_PUREKA;Prenom_YPZQDBMOS;uwkplm_69@client.com;+224 68250823;90 Rue de la Paix;Kankan;Guinee
71;Nom_SJCCE;Prenom_JWF;pnamhm_70@client.com;+224 60168544;61 Rue de la Paix;Labe;Guinee
72;Nom_HQKBTB;Prenom_FJY;zdjomc_71@client.com;+224 60606828;189 Rue de la Paix;Kindia;Guinee
73;Nom_WSPMBZHW;Prenom_CXTLVMCT;lhmczm_72@client.com;+224 62278369;156 Rue de la Paix;Conakry;Guinee
74;Nom_CLGIWAC;Prenom_IPRYMEZZV;ulfczu_73@client.com;+224 65843821;32 Rue de la Paix;Kindia;Guinee
75;Nom_BQTGOM;Prenom_PTTF;wcbnko_74@client.com;+224 69087252;80 Rue de la Paix;Kankan;Guinee
76;Nom_WLRIT;Prenom_GGJRKNUI;nvvhsf_75@client.com;+224 63686020;168 Rue de la Paix;Conakry;Guinee
77;Nom_HWTAJBXAJ;Prenom_KKP;mvwwzh_76@client.com;+224 65032556;109 Rue de la Paix;Labe;Guinee
78;Nom_WUDTHGJFE;Prenom_LJDXD;htuuxj_77@client.com;+224 68057063;69 Rue de la Paix;N'Zerekore;Guinee
79;Nom_HZSXGBU;Prenom_ZNH;qlcfro_78@client.com;+224 67512208;109 Rue de la Paix;Labe;Guinee
80;Nom_CQRUFWJ;Prenom_QOCCMEMK;zhhyqu_79@client.com;+224 63103879;45 Rue de la Paix;Labe;Guinee
81;Nom_IOMWKL;Prenom_JBEPG;zrjecz_80@client.com;+224 64814185;24 Rue de la Paix;Kindia;Guinee
82;Nom_MZN;Prenom_IUVPB;zirtte_81@client.com;+224 69611113;186 Rue de la Paix;Conakry;Guinee
83;Nom_BLMC;Prenom_MJYDX;dizkvy_82@client.com;+224 67864356;131 Rue de la Paix;Kankan;Guinee
84;Nom_JJK;Prenom_IAEQHJJA;ypylyi_83@client.com;+224 64489192;103 Rue de la Paix;Kankan;Guinee
85;Nom_DOLVGLKZF;Prenom_HOCJL;rtqvsz_84@client.com;+224 60539988;100 Rue de la Paix;Conakry;Guinee
86;Nom_YSHLZPIO;Prenom_ERHSZKZO;xlkkhr_85@client.com;+224 60736393;155 Rue de la Paix;Conakry;Guinee
87;Nom_OSAWM;Prenom_DSLZ;hudmgj_86@client.com;+224 60579143;87 Rue de la Paix;Conakry;Guinee
88;Nom_FTEJLUTV;Prenom_USASPFB;zhksrh_87@client.com;+224 61743987;23 Rue de la Paix;Conakry;Guinee
89;Nom_VLVJ;Prenom_HNFUA;mureyv_88@client.com;+224 67388560;30 Rue de la Paix;Labe;Guinee
90;Nom_VDUQCT;Prenom_GVGXZVG;ddcfzm_89@client.com;+224 60343061;42 Rue de la Paix;Kankan;Guinee
91;Nom_GYDDWHUAG;Prenom_UYENPFNK;fphqxu_90@client.com;+224 64124074;190 Rue de la Paix;Kankan;Guinee
92;Nom_JZKCBXTZ;Prenom_NGB;bryzut_91@client.com;+224 63565872;126 Rue de la Paix;N'Zerekore;Guinee
93;Nom_CIWH;Prenom_RXMXFGF;cisoxf_92@client.com;+224 60406027;172 Rue de la Paix;Kankan;Guinee
94;Nom_CDPCKGL;Prenom_EKC;fhdtzj_93@client.com;+224 66577160;40 Rue de la Paix;Kankan;Guinee
95;Nom_JJUFVFVP;Prenom_FTJRKGO;dsbwzl_94@client.com;+224 65395672;69 Rue de la Paix;Kindia;Guinee
96;Nom_CFCM;Prenom_FRJIZUXA;xquncm_95@client.com;+224 64510157;168 Rue de la Paix;Kankan;Guinee
97;Nom_AGQQVB;Prenom_RWKY;rpvhpb_96@client.com;+224 63275090;95 Rue de la Paix;Kankan;Guinee
98;Nom_MUMP;Prenom_MXJPHIIVT;hvkigt_97@client.com;+224 69010702;93 Rue de la Paix;Labe;Guinee
99;Nom_FGVWOUSI;Prenom_YQF;dnfrnz_98@client.com;+224 62096260;53 Rue de la Paix;N'Zerekore;Guinee
100;Nom_LGQVUFYVC;Prenom_AILOHPS;pgyozg_99@client.com;+224 64906754;99 Rue de la Paix;Kindia;Guinee
101;Nom_LAOLZ;Prenom_VBQ;cnquza_100@client.com;+224 62885269;11 Rue de la Paix;N'Zerekore;Guinee
